date,site_code,sku,sales_qty
2024-11-14,524,795570789591,1
2024-11-13,549,98593095718,3
2024-11-14,615,84971953411,1
2024-11-12,524,94833171273,1
2024-11-14,510,888987766696,1
2024-11-13,613,795570036558,1
2024-11-12,601,15712078292,1
2024-11-12,543,795570790726,1
2024-11-12,613,795570930368,1
2024-11-12,523,15712069351,1
2024-11-13,522,15712078049,1
2024-11-12,566,15712078285,1
2024-11-12,564,84971909791,1
2024-11-12,656,889817491467,1
2024-11-14,549,94833171679,1
2024-11-13,541,94833167511,1
2024-11-12,561,15712035752,1
2024-11-14,526,795570389814,1
2024-11-13,606,795570388961,1
2024-11-14,561,611318612641,1
2024-11-12,510,30672929972,1
2024-11-12,549,795570790146,1
2024-11-14,654,795570252439,1
2024-11-14,564,888987484637,1
2024-11-13,603,795570263985,1
2024-11-14,550,15712033499,1
2024-11-12,515,795570651362,1
2024-11-13,555,611318641788,1
2024-11-14,557,795570789058,1
2024-11-14,615,94833170061,1
2024-11-14,607,795570027938,1
2024-11-12,515,30672929989,1
2024-11-12,564,795570934953,1
2024-11-12,560,795570790191,1
2024-11-14,655,94833167481,1
2024-11-13,561,30672929873,1
2024-11-13,550,795570608410,1
2024-11-13,557,,1
2024-11-12,603,94833171570,1
2024-11-12,510,795570643343,1
2024-11-13,544,889817743252,1
2024-11-14,510,94833167511,1
2024-11-12,540,795570661668,1
2024-11-12,526,30672838113,1
2024-11-12,540,94833169805,1
2024-11-13,567,,37
2024-11-12,512,795570934441,1
2024-11-12,560,795570643183,1
2024-11-13,524,85142448897,1
2024-11-13,541,15712078124,1
2024-11-14,540,795570948608,1
2024-11-12,524,797082901874,1
2024-11-13,603,,17
2024-11-14,510,611318564216,1
2024-11-12,605,795570930344,1
2024-11-14,603,795570650310,1
2024-11-12,524,795570934458,1
2024-11-13,654,94833167610,1
2024-11-13,512,15712068965,1
2024-11-12,602,795570928167,1
2024-11-13,549,795570790726,1
2024-11-14,564,795570511482,1
2024-11-13,555,611318564322,2
2024-11-14,613,795570930184,1
2024-11-12,540,15712077899,1
2024-11-13,544,888987766702,1
2024-11-14,543,,24
2024-11-13,654,740700680255,1
2024-11-13,541,795570790917,1
2024-11-13,601,795570790665,1
2024-11-14,603,611318681937,1
2024-11-14,526,795570386974,1
2024-11-12,613,740700831800,1
2024-11-14,510,889817744464,1
2024-11-13,561,889817516771,1
2024-11-12,541,795570624151,1
2024-11-12,543,15712035745,1
2024-11-14,549,611318681692,1
2024-11-13,512,888987766702,1
2024-11-13,523,30672685885,1
2024-11-12,605,611318681890,2
2024-11-12,655,795570093988,1
2024-11-13,601,94833167559,1
2024-11-13,543,94833171563,2
2024-11-12,510,30672892160,1
2024-11-14,654,795570612196,1
2024-11-13,523,795570511475,1
2024-11-13,615,889817516863,1
2024-11-12,522,795570925616,1
2024-11-14,615,797082900211,1
2024-11-12,519,94833167559,1
2024-11-14,557,,36
2024-11-13,544,98593095718,1
2024-11-14,540,611318564230,1
2024-11-14,526,795570986518,1
2024-11-13,541,795570224375,1
2024-11-14,656,795570226539,2
2024-11-13,613,795570789683,1
2024-11-12,524,,41
2024-11-12,549,795570511062,1
2024-11-13,654,795570935110,1
2024-11-13,550,84971909784,1
2024-11-14,544,795570558968,1
2024-11-12,524,15712078049,1
2024-11-13,519,15712078292,1
2024-11-12,564,795570790207,1
2024-11-14,614,795570665123,1
2024-11-13,559,,14
2024-11-12,524,15712078285,1
2024-11-13,655,795570789423,1
2024-11-13,613,795570648478,1
2024-11-12,569,15712033482,1
2024-11-13,613,30672685892,1
2024-11-12,605,84971928754,1
2024-11-13,601,795570295948,1
2024-11-14,655,94833167566,1
2024-11-13,550,94833171686,1
2024-11-14,512,795570983449,1
2024-11-13,613,30672502014,1
2024-11-13,564,84971308006,1
2024-11-14,655,15712078018,1
2024-11-12,544,629075012772,1
2024-11-14,522,795570930214,1
2024-11-13,601,94833167504,2
2024-11-13,515,795570983135,1
2024-11-13,560,,12
2024-11-14,524,94833169263,1
2024-11-12,543,611318681807,1
2024-11-13,654,795570644159,1
2024-11-14,549,94833169362,2
2024-11-13,602,795570612271,1
2024-11-12,519,30672047225,1
2024-11-13,655,30672892177,1
2024-11-12,656,795570928167,1
2024-11-12,607,94833167559,1
2024-11-12,655,,37
2024-11-14,567,795570237535,1
2024-11-13,654,889817491368,1
2024-11-14,613,795570519921,1
2024-11-14,656,611318681937,1
2024-11-12,564,795570789065,1
2024-11-12,510,98593095718,1
2024-11-12,557,611318681845,1
2024-11-12,543,30672929866,1
2024-11-12,601,717312471984,1
2024-11-14,549,795570643367,1
2024-11-12,656,94833170566,1
2024-11-13,564,795570790719,1
2024-11-12,510,889817491498,1
2024-11-13,510,15712037244,1
2024-11-12,603,84971909951,1
2024-11-12,524,30672838083,1
2024-11-13,567,85142430977,1
2024-11-13,541,795570983500,1
2024-11-13,615,795570612318,1
2024-11-14,510,94833171679,1
2024-11-13,655,795570106091,1
2024-11-13,519,84971928358,1
2024-11-12,566,795570511116,1
2024-11-13,526,15712069313,1
2024-11-13,613,30672685885,1
2024-11-13,605,795570104516,1
2024-11-13,543,795570226560,2
2024-11-14,614,30672047256,1
2024-11-13,512,85142431028,1
2024-11-14,561,94833171563,1
2024-11-13,615,,11
2024-11-13,512,15712078018,1
2024-11-12,549,795570602722,1
2024-11-13,555,94833171693,1
2024-11-13,522,30672502045,1
2024-11-13,567,889817516801,1
2024-11-12,567,795570463606,1
2024-11-13,543,795570463620,1
2024-11-14,557,30672929903,1
2024-11-13,543,795570234169,1
2024-11-12,558,15712078056,1
2024-11-14,654,888987484613,1
2024-11-14,541,94833167566,1
2024-11-14,613,94833171808,1
2024-11-13,607,795570106091,1
2024-11-12,541,94833172263,1
2024-11-12,603,795570940060,1
2024-11-13,512,84971928334,1
2024-11-12,519,795570106077,1
2024-11-12,541,795570224368,1
2024-11-12,526,94833167566,1
2024-11-13,540,888987484637,2
2024-11-13,541,,17
2024-11-14,654,888987766702,1
2024-11-14,601,758385454382,1
2024-11-12,561,94833169072,1
2024-11-14,559,,15
2024-11-12,524,795570982732,1
2024-11-14,656,795570940114,1
2024-11-14,601,888987484637,1
2024-11-14,654,795570983524,1
2024-11-14,601,795570983456,1
2024-11-12,655,795570522792,1
2024-11-12,512,15712078049,1
2024-11-12,541,795570511062,2
2024-11-14,603,758385623450,1
2024-11-13,564,740700882369,1
2024-11-13,549,795570934984,3
2024-11-14,564,30672838069,1
2024-11-13,512,795570522808,1
2024-11-14,543,888987766702,1
2024-11-13,550,85142448859,1
2024-11-13,550,795570932942,1
2024-11-12,601,795570602746,1
2024-11-12,656,795570648478,1
2024-11-14,561,94833171570,1
2024-11-13,541,758385623283,1
2024-11-12,549,94833169164,1
2024-11-13,566,795570931938,1
2024-11-13,606,84971928730,1
2024-11-12,567,85142430731,1
2024-11-12,522,84971909968,1
2024-11-12,523,795570789423,1
2024-11-14,601,15712002877,1
2024-11-13,564,795570930177,1
2024-11-12,605,94833170030,1
2024-11-13,550,795570983555,1
2024-11-13,607,611318564254,1
2024-11-14,510,795570665147,1
2024-11-13,543,795570789669,1
2024-11-13,654,795570666212,1
2024-11-12,526,795570790757,1
2024-11-12,523,795570096385,1
2024-11-12,540,30672892177,1
2024-11-12,519,15712078001,1
2024-11-12,602,795570789706,1
2024-11-14,524,740700741581,1
2024-11-12,605,795570511116,1
2024-11-12,519,94833170658,1
2024-11-12,566,717312862645,1
2024-11-14,605,85142430984,1
2024-11-12,526,795570388787,1
2024-11-12,526,795570930382,1
2024-11-12,526,795570295955,1
2024-11-12,607,889817491580,1
2024-11-13,654,611318681883,1
2024-11-13,541,15712078131,1
2024-11-12,522,795570789140,1
2024-11-13,549,795570226720,1
2024-11-12,522,,31
2024-11-14,541,,13
2024-11-13,512,84971928747,1
2024-11-13,544,94833171709,1
2024-11-14,557,795570948608,1
2024-11-14,602,,4
2024-11-14,613,94833168983,1
2024-11-13,570,,5
2024-11-12,564,717312862621,1
2024-11-14,564,85142431134,1
2024-11-13,524,795570296860,1
2024-11-14,549,94833171266,2
2024-11-14,601,795570226720,2
2024-11-12,549,30672838052,1
2024-11-12,526,795570602784,1
2024-11-14,522,795570643305,1
2024-11-13,655,30672892221,1
2024-11-12,655,30672838052,1
2024-11-12,544,,24
2024-11-13,656,795570296884,1
2024-11-13,549,94833167559,1
2024-11-14,559,795570511093,1
2024-11-13,522,740700741543,1
2024-11-12,601,795570789591,1
2024-11-12,515,795570930085,1
2024-11-14,564,30672838052,1
2024-11-14,564,795570930153,1
2024-11-14,566,,26
2024-11-12,656,758385623436,1
2024-11-13,546,,11
2024-11-13,510,611318681708,1
2024-11-14,570,,1
2024-11-12,601,30672929873,1
2024-11-12,654,15712078018,1
2024-11-14,603,795570934830,1
2024-11-12,615,15712002877,1
2024-11-14,515,30672746920,1
2024-11-12,613,795570666182,1
2024-11-14,510,15712078001,1
2024-11-14,526,30672929996,1
2024-11-14,607,15712078124,1
2024-11-14,512,740700533964,1
2024-11-13,605,740700741550,1
2024-11-14,656,795570934083,1
2024-11-13,510,795570602722,1
2024-11-13,559,611318682019,1
2024-11-13,602,795570650327,1
2024-11-12,510,795570623796,1
2024-11-12,601,94833171570,1
2024-11-13,614,30672892214,2
2024-11-12,550,795570648683,1
2024-11-12,601,795570295931,1
2024-11-13,654,795570512809,1
2024-11-12,602,795570296860,1
2024-11-14,654,795570252484,1
2024-11-12,560,,14
2024-11-13,510,889817516764,1
2024-11-13,607,611318681890,2
2024-11-13,615,15712078292,1
2024-11-12,526,795570511505,1
2024-11-14,559,15712035837,1
2024-11-12,557,84971928730,1
2024-11-13,655,795570237559,1
2024-11-12,522,629075013632,1
2024-11-13,613,94833171914,1
2024-11-12,523,889817491368,1
2024-11-12,524,611318641672,1
2024-11-13,567,94833171266,1
2024-11-14,564,797082900204,1
2024-11-12,605,94833167559,3
2024-11-13,656,795570982954,1
2024-11-13,656,795570605969,1
2024-11-12,524,30672047225,1
2024-11-13,567,30672838076,1
2024-11-13,655,795570790559,1
2024-11-14,524,30672892214,1
2024-11-14,603,795570226706,1
2024-11-12,559,94833170757,1
2024-11-12,549,611318564230,1
2024-11-12,541,795570027938,1
2024-11-13,603,15712035837,1
2024-11-13,526,,30
2024-11-12,524,758385454368,1
2024-11-12,510,795570226706,1
2024-11-14,564,795570644982,2
2024-11-12,606,888987791834,1
2024-11-14,601,795570558968,1
2024-11-14,607,30672838076,1
2024-11-13,549,84971909982,1
2024-11-12,526,795570939736,1
2024-11-13,601,795570027938,1
2024-11-13,512,795570602807,1
2024-11-13,512,795570790221,1
2024-11-12,613,94833173352,1
2024-11-14,655,611318564322,1
2024-11-12,567,795570661668,1
2024-11-13,566,740700741581,1
2024-11-13,550,713610170802,1
2024-11-14,566,15712078018,1
2024-11-14,607,795570027945,1
2024-11-12,655,795570789072,1
2024-11-12,540,84971909814,1
2024-11-12,515,795570983364,1
2024-11-13,526,30672838144,1
2024-11-13,656,,16
2024-11-14,605,795570983395,1
2024-11-13,522,795570940084,1
2024-11-14,540,84971909937,1
2024-11-13,522,795570644166,1
2024-11-13,607,795570643169,1
2024-11-12,524,797082902154,1
2024-11-13,519,795570643343,1
2024-11-13,524,30672930046,1
2024-11-12,605,795570935004,1
2024-11-14,567,53475593386,1
2024-11-12,605,84971928310,1
2024-11-14,540,30672838069,1
2024-11-13,544,84971928341,1
2024-11-12,522,84971928754,1
2024-11-14,510,795570650327,1
2024-11-14,557,15712078285,1
2024-11-13,519,795570983159,1
2024-11-13,550,84971909791,1
2024-11-13,543,30672685915,2
2024-11-14,522,795570602791,2
2024-11-13,550,795570649925,1
2024-11-13,601,795570237542,1
2024-11-12,656,795570983395,1
2024-11-14,512,611318641771,1
2024-11-12,552,30672502014,1
2024-11-12,523,795570445596,1
2024-11-13,564,795570930252,1
2024-11-13,605,889817750229,1
2024-11-14,655,98593095718,1
2024-11-13,616,,5
2024-11-12,549,15712033499,1
2024-11-14,561,94833171686,1
2024-11-12,549,84971953435,1
2024-11-12,566,889817750243,1
2024-11-13,613,795570789140,1
2024-11-12,549,795570789386,1
2024-11-14,615,795570558968,1
2024-11-12,544,795570388756,1
2024-11-12,560,889817750397,1
2024-11-13,523,15712070067,1
2024-11-12,524,611318716004,1
2024-11-14,607,795570523430,1
2024-11-14,557,888987484637,1
2024-11-13,550,30672685915,1
2024-11-12,540,795570940077,1
2024-11-12,540,889817744426,1
2024-11-13,544,888987484637,4
2024-11-12,549,94833170122,1
2024-11-12,544,30672929972,1
2024-11-12,566,795570983456,1
2024-11-12,524,15712064271,1
2024-11-12,549,795570226706,4
2024-11-12,615,795570934076,1
2024-11-14,654,795570982732,1
2024-11-12,544,30672502007,1
2024-11-14,616,611318681869,1
2024-11-13,601,795570649734,1
2024-11-12,540,795570511499,1
2024-11-14,603,795570940077,1
2024-11-12,510,84971953428,1
2024-11-12,605,795570386950,1
2024-11-14,512,85142430632,1
2024-11-14,606,889817491542,1
2024-11-12,540,795570931495,1
2024-11-14,549,795570769531,1
2024-11-13,567,94833169263,1
2024-11-13,515,795570387957,1
2024-11-13,607,,54
2024-11-13,569,795570716054,1
2024-11-13,605,94833167504,1
2024-11-12,655,795570508734,1
2024-11-13,613,,23
2024-11-13,570,611318564360,1
2024-11-12,526,30672502038,1
2024-11-13,524,15712035776,1
2024-11-13,510,795570226744,1
2024-11-12,601,888987484637,1
2024-11-13,601,795570610345,1
2024-11-13,549,30672929989,1
2024-11-12,601,758385454368,1
2024-11-12,567,94833169348,1
2024-11-14,607,795570093940,1
2024-11-14,601,84971953404,1
2024-11-12,549,795570612288,1
2024-11-13,523,84971939712,1
2024-11-13,654,30672047225,1
2024-11-12,655,611318641726,1
2024-11-12,605,795570523492,1
2024-11-13,550,795570768459,1
2024-11-13,603,15712078032,1
2024-11-14,555,94833170108,1
2024-11-12,510,795570790115,1
2024-11-13,613,795570650167,1
2024-11-12,549,795570790535,1
2024-11-14,549,795570790214,1
2024-11-13,550,795570986976,1
2024-11-13,541,795570940053,1
2024-11-12,510,795570940053,1
2024-11-14,567,795570649277,1
2024-11-12,510,30672930022,1
2024-11-13,523,795570790115,1
2024-11-13,605,795570789560,1
2024-11-14,543,888987766696,1
2024-11-14,512,795570511062,1
2024-11-12,526,795570381931,1
2024-11-13,526,889817744457,1
2024-11-12,519,94833169904,1
2024-11-14,654,30672892153,1
2024-11-13,601,94833167542,1
2024-11-12,510,84971909975,1
2024-11-12,512,889817516870,1
2024-11-14,549,15712078292,1
2024-11-12,602,795570930153,1
2024-11-12,510,795570982831,1
2024-11-12,601,795570790641,1
2024-11-13,549,795570508833,1
2024-11-14,543,98593212146,1
2024-11-13,601,84971776638,1
2024-11-12,615,795570789584,1
2024-11-12,540,84971939712,1
2024-11-14,543,797082901881,1
2024-11-12,549,94833170764,1
2024-11-13,615,94833167542,1
2024-11-13,510,84971953442,1
2024-11-13,566,795570789133,1
2024-11-12,558,,5
2024-11-12,569,84971909944,1
2024-11-14,603,94833167504,1
2024-11-14,526,15712078308,1
2024-11-14,550,,9
2024-11-13,601,795570928754,1
2024-11-14,519,611318612641,1
2024-11-14,544,30672930039,1
2024-11-14,603,795570643367,1
2024-11-12,510,611318681944,1
2024-11-12,567,795570668438,1
2024-11-12,526,94833169256,1
2024-11-14,559,795570987089,1
2024-11-13,601,795570511499,1
2024-11-12,526,30672930046,1
2024-11-13,607,795570602739,1
2024-11-14,559,94833168488,1
2024-11-13,543,84971939699,1
2024-11-13,524,795570295979,1
2024-11-14,526,795570789195,1
2024-11-12,512,30672838120,1
2024-11-14,510,30672047225,1
2024-11-14,549,795570226720,1
2024-11-12,526,795570387988,1
2024-11-12,607,795570387094,1
2024-11-13,567,98593095718,1
2024-11-14,564,888987766702,1
2024-11-13,567,85142448637,1
2024-11-14,606,,2
2024-11-13,607,795570940114,1
2024-11-13,601,15712035752,1
2024-11-12,526,84971909968,1
2024-11-13,601,84971496024,1
2024-11-14,544,795570226720,1
2024-11-13,524,795570930153,1
2024-11-12,603,84971953411,1
2024-11-12,655,98593095718,1
2024-11-13,543,888987791971,1
2024-11-13,601,795570930276,1
2024-11-12,607,795570790122,1
2024-11-13,613,30672746890,1
2024-11-13,607,30672502014,1
2024-11-13,549,94833170764,1
2024-11-14,524,30672047232,1
2024-11-14,522,98593095718,2
2024-11-13,564,30672838144,1
2024-11-14,524,797082900204,1
2024-11-14,613,,19
2024-11-13,549,,85
2024-11-13,654,30672502045,1
2024-11-14,655,795570935134,1
2024-11-13,526,795570523447,1
2024-11-13,613,758385623313,1
2024-11-14,561,94833171693,1
2024-11-12,544,795570948608,1
2024-11-13,564,30672047232,1
2024-11-12,552,795570934069,1
2024-11-14,607,795570769579,1
2024-11-14,550,30672838113,1
2024-11-13,510,889817743245,1
2024-11-13,602,888987484637,2
2024-11-14,549,795570511482,1
2024-11-13,601,94833170498,1
2024-11-14,607,30672892177,1
2024-11-13,543,94833171570,1
2024-11-12,601,84971909975,1
2024-11-12,607,795570658491,1
2024-11-12,607,795570790740,1
2024-11-12,510,30672047225,1
2024-11-12,523,94833171563,1
2024-11-14,567,758385454382,1
2024-11-12,512,15712069344,1
2024-11-12,605,889817491399,1
2024-11-14,567,889817491597,1
2024-11-13,549,795570665093,1
2024-11-14,540,795570650334,1
2024-11-12,524,85142448835,2
2024-11-13,601,30672929903,1
2024-11-14,549,,46
2024-11-13,549,94833171570,1
2024-11-14,567,795570940060,1
2024-11-14,605,15712069320,1
2024-11-13,601,758385623290,1
2024-11-12,515,795570649734,1
2024-11-13,544,15712064271,1
2024-11-12,550,888987523657,1
2024-11-13,519,98593095718,1
2024-11-12,557,,8
2024-11-13,569,795570602814,1
2024-11-13,566,795570935110,1
2024-11-12,613,84971931167,1
2024-11-14,656,15712056634,1
2024-11-14,606,611318641689,1
2024-11-13,510,15712078292,1
2024-11-12,601,611318681609,1
2024-11-12,567,,12
2024-11-12,567,94833168969,1
2024-11-14,522,30672383316,1
2024-11-12,526,795570648447,1
2024-11-14,603,,11
2024-11-12,603,795570790139,1
2024-11-12,615,30672838069,1
2024-11-14,550,795570511482,1
2024-11-12,522,795570602746,1
2024-11-14,567,611318681937,1
2024-11-13,603,795570650334,1
2024-11-12,607,795570768442,1
2024-11-13,570,84971928747,1
2024-11-12,559,795570934373,1
2024-11-12,510,98593212146,1
2024-11-12,512,795570768503,1
2024-11-13,605,795570226515,1
2024-11-12,550,795570926026,1
2024-11-12,543,795570511499,1
2024-11-12,605,795570643299,1
2024-11-13,602,795570612295,1
2024-11-14,567,795570789584,1
2024-11-14,549,98593804969,1
2024-11-12,512,795570623789,1
2024-11-12,515,795570789119,1
2024-11-14,549,795570605969,1
2024-11-13,519,94833169775,1
2024-11-12,614,795570643275,1
2024-11-12,564,30672929866,1
2024-11-12,512,84971664171,1
2024-11-14,510,,89
2024-11-13,541,795570932935,1
2024-11-12,541,795570027952,2
2024-11-12,655,795570940060,1
2024-11-14,524,611318681562,1
2024-11-12,544,795570935127,1
2024-11-13,601,,77
2024-11-12,607,795570789607,1
2024-11-13,510,611318681937,1
2024-11-13,510,795570650334,1
2024-11-13,607,98593212146,1
2024-11-14,510,795570511116,1
2024-11-13,561,84971928754,1
2024-11-12,606,795570388893,1
2024-11-13,550,795570929904,1
2024-11-12,522,30672047232,1
2024-11-12,602,795570558975,1
2024-11-14,549,84971928730,1
2024-11-12,543,15712033253,1
2024-11-13,615,611318681739,1
2024-11-12,655,795570027945,1
2024-11-12,564,15712078056,1
2024-11-13,524,84971909821,1
2024-11-13,566,758385623443,1
2024-11-14,522,94833167559,1
2024-11-14,561,98593212146,1
2024-11-13,613,94833170061,1
2024-11-14,540,795570934434,1
2024-11-13,549,30672929972,1
2024-11-13,512,611318681890,2
2024-11-12,510,795570602746,1
2024-11-13,541,795570226560,1
2024-11-13,512,795570519945,1
2024-11-13,615,795570940107,1
2024-11-13,523,190697436074,1
2024-11-12,615,84971308013,1
2024-11-13,567,94833171556,2
2024-11-14,555,,9
2024-11-14,540,795570930191,1
2024-11-14,605,85142430991,1
2024-11-14,549,797082901898,1
2024-11-14,550,15712078292,1
2024-11-12,524,795570790191,1
2024-11-14,655,611318681708,1
2024-11-14,524,,26
2024-11-12,564,94833167566,1
2024-11-13,654,758385623290,1
2024-11-12,540,795570426151,1
2024-11-12,549,795570558944,1
2024-11-14,512,795570518740,1
2024-11-14,558,795570226706,1
2024-11-13,510,30672892177,1
2024-11-14,567,15712078308,1
2024-11-14,524,94833171327,1
2024-11-14,607,94833171693,2
2024-11-12,524,94833103496,1
2024-11-12,541,795570602791,1
2024-11-12,519,795570623895,1
2024-11-13,543,30672930022,1
2024-11-14,526,795570387988,1
2024-11-13,566,84971928365,1
2024-11-12,559,889817750403,1
2024-11-12,549,795570930177,1
2024-11-13,601,797082900228,1
2024-11-12,524,758385623450,2
2024-11-13,550,795570789225,1
2024-11-13,543,30672892221,1
2024-11-13,601,94833167481,1
2024-11-13,519,15712024381,1
2024-11-12,515,30672892221,1
2024-11-14,566,740700741536,1
2024-11-12,614,889817516795,1
2024-11-13,523,30672685892,1
2024-11-13,605,15712078063,2
2024-11-14,549,797082902178,1
2024-11-13,607,611318681685,1
2024-11-12,613,795570387957,1
2024-11-12,601,795570387230,1
2024-11-12,555,,9
2024-11-13,549,795570605969,1
2024-11-13,523,758385454375,1
2024-11-14,524,611318681760,1
2024-11-12,559,,19
2024-11-13,601,795570388909,1
2024-11-12,566,795570651560,1
2024-11-13,561,795570930221,1
2024-11-12,561,94833170474,1
2024-11-12,607,795570643312,1
2024-11-12,607,795570658569,1
2024-11-12,510,15712056634,1
2024-11-14,557,30672929880,1
2024-11-12,550,795570644128,1
2024-11-12,607,795570982985,1
2024-11-14,567,,15
2024-11-12,523,795570607673,1
2024-11-14,557,795570790191,1
2024-11-12,564,94833169300,1
2024-11-14,543,611318681739,1
2024-11-12,607,94833167542,1
2024-11-13,526,797082919299,1
2024-11-12,515,795570651300,1
2024-11-12,607,795570387193,1
2024-11-12,523,94833171211,1
2024-11-14,541,15712078063,1
2024-11-13,522,30672930046,1
2024-11-13,512,795570519921,1
2024-11-13,614,30672929873,1
2024-11-12,524,98593095718,1
2024-11-12,601,94833167504,1
2024-11-12,546,84971909784,1
2024-11-12,544,795570669039,1
2024-11-14,549,30672892238,1
2024-11-14,607,30672892214,1
2024-11-12,549,30672685885,1
2024-11-12,569,795570263916,1
2024-11-13,603,795570096521,1
2024-11-13,601,795570610352,1
2024-11-14,656,795570522822,1
2024-11-13,515,30672685892,1
2024-11-12,549,94833170009,1
2024-11-14,607,,36
2024-11-12,601,94833167566,1
2024-11-14,552,795570511031,1
2024-11-12,512,,36
2024-11-14,510,795570511499,1
2024-11-13,607,15712069337,1
2024-11-14,526,795570387094,1
2024-11-12,614,,7
2024-11-12,543,611318682002,1
2024-11-14,603,795570982732,1
2024-11-14,564,611318564339,1
2024-11-14,510,795570982831,1
2024-11-13,523,795570789133,1
2024-11-13,519,30672502038,1
2024-11-14,524,795570612271,1
2024-11-12,512,795570388268,1
2024-11-14,603,795570789065,1
2024-11-13,569,,21
2024-11-12,613,795570104578,1
2024-11-13,512,30672685885,1
2024-11-12,544,795570096293,1
2024-11-14,601,758385623450,1
2024-11-13,607,94833170542,1
2024-11-13,601,795570027952,1
2024-11-12,546,,6
2024-11-12,510,,129
2024-11-14,654,795570028065,1
2024-11-14,564,795570295962,1
2024-11-12,512,30672502014,1
2024-11-14,559,795570648447,1
2024-11-14,603,795570602876,1
2024-11-13,557,30672929880,1
2024-11-13,543,795570983159,1
2024-11-13,613,795570934069,1
2024-11-12,515,795570669046,1
2024-11-12,526,94833169300,1
2024-11-12,601,795570610352,1
2024-11-12,557,611318681647,1
2024-11-12,605,795570511055,1
2024-11-12,607,795570094046,1
2024-11-13,603,889817491580,1
2024-11-12,519,795570790573,1
2024-11-14,654,795570930269,1
2024-11-14,523,795570106084,1
2024-11-14,557,888987766702,1
2024-11-13,541,94833170566,1
2024-11-14,549,795570769524,1
2024-11-12,558,795570790207,1
2024-11-14,522,15712024381,1
2024-11-14,613,795570930351,1
2024-11-13,566,795570933079,1
2024-11-14,615,795570234121,1
2024-11-14,558,888987484613,1
2024-11-14,523,,6
2024-11-12,564,795570934854,1
2024-11-12,605,758385623313,1
2024-11-13,540,795570427158,1
2024-11-14,540,611318681975,1
2024-11-12,510,795570790207,1
2024-11-12,549,795570790764,1
2024-11-13,655,84971928778,1
2024-11-12,524,795570650341,1
2024-11-14,656,94833167573,1
2024-11-13,564,795570940121,1
2024-11-13,541,795570296891,1
2024-11-12,601,15712035820,1
2024-11-14,569,795570602784,1
2024-11-14,601,889817743801,1
2024-11-13,654,,36
2024-11-14,510,30672892238,2
2024-11-12,512,795570930177,1
2024-11-13,541,795570478471,1
2024-11-13,540,795570665413,1
2024-11-12,569,,2
2024-11-14,549,795570602746,2
2024-11-13,605,30672838083,1
2024-11-13,561,795570929966,1
2024-11-13,550,94833169133,1
2024-11-12,566,797082919282,1
2024-11-13,656,795570508741,1
2024-11-12,601,15712078001,1
2024-11-13,557,30672685892,1
2024-11-12,543,795570602814,1
2024-11-13,519,795570789423,1
2024-11-13,510,94833172287,1
2024-11-14,544,98593804969,1
2024-11-12,544,30672685885,1
2024-11-12,605,84971928372,1
2024-11-12,654,94833171693,1
2024-11-14,615,,23
2024-11-14,569,795570602845,1
2024-11-13,510,,141
2024-11-13,654,85142449047,1
2024-11-13,519,795570983135,2
2024-11-12,605,84971939705,1
2024-11-14,510,795570295955,1
2024-11-14,655,30672929989,1
2024-11-12,614,84971928310,1
2024-11-12,544,795570295948,1
2024-11-13,569,94833171242,1
2024-11-13,540,94833167542,1
2024-11-12,526,795570511499,1
2024-11-12,524,795570234169,1
2024-11-12,607,30672930046,1
2024-11-13,519,795570790474,1
2024-11-12,510,889817743825,1
2024-11-14,613,30672502038,2
2024-11-14,543,611318716035,1
2024-11-13,550,795570388916,1
2024-11-12,544,84971928358,1
2024-11-12,541,795570982855,2
2024-11-14,613,30672746890,1
2024-11-14,607,795570296860,1
2024-11-12,613,795570387964,1
2024-11-14,540,795570389951,1
2024-11-12,654,795570934434,1
2024-11-12,512,795570983449,1
2024-11-12,512,795570934045,1
2024-11-13,601,795570644142,1
2024-11-12,601,15712078032,1
2024-11-12,524,611318681883,1
2024-11-13,559,30672047225,1
2024-11-12,607,611318681982,1
2024-11-12,555,795570930160,1
2024-11-14,616,611318715922,1
2024-11-12,557,611318682019,1
2024-11-13,555,,6
2024-11-14,541,889817743207,1
2024-11-13,543,30672929972,1
2024-11-14,541,889817743214,1
2024-11-14,569,795570644197,1
2024-11-13,512,713610533898,1
2024-11-13,559,94833170894,1
2024-11-14,654,797082919268,2
2024-11-12,564,,18
2024-11-13,567,795570511062,1
2024-11-13,543,795570237535,1
2024-11-12,512,795570650136,1
2024-11-12,512,84971407655,1
2024-11-14,510,889817491498,1
2024-11-13,655,30672838052,1
2024-11-12,601,797082902154,1
2024-11-13,614,,8
2024-11-13,515,795570930252,1
2024-11-14,510,795570106091,1
2024-11-13,550,795570925609,1
2024-11-13,543,795570790726,1
2024-11-12,544,30672929873,1
2024-11-12,519,795570768466,1
2024-11-13,656,30672685892,1
2024-11-14,524,795570387940,1
2024-11-13,515,795570558968,1
2024-11-13,519,,34
2024-11-13,656,795570982725,1
2024-11-14,522,795570602807,1
2024-11-12,544,795570386943,2
2024-11-12,560,795570790672,1
2024-11-13,601,795570523164,1
2024-11-13,607,795570790184,1
2024-11-12,656,,20
2024-11-13,522,795570387988,1
2024-11-13,566,795570666274,1
2024-11-13,522,15712078551,1
2024-11-13,561,84971909937,1
2024-11-13,561,740700680255,1
2024-11-14,614,795570983579,1
2024-11-13,524,84971664157,1
2024-11-14,613,94833167528,1
2024-11-13,550,795570789041,1
2024-11-14,540,795570224368,1
2024-11-12,601,795570928181,1
2024-11-14,601,795570511505,1
2024-11-12,655,611318681975,1
2024-11-13,655,795570296860,1
2024-11-14,559,795570930375,1
2024-11-12,567,94833171259,1
2024-11-12,560,94833174038,1
2024-11-12,523,30672929996,1
2024-11-14,552,,4
2024-11-13,519,795570388749,1
2024-11-14,656,611318564216,1
2024-11-13,544,,35
2024-11-12,522,795570106084,1
2024-11-13,522,795570388787,1
2024-11-13,567,795570602791,1
2024-11-13,602,84971928327,2
2024-11-12,602,795570925937,1
2024-11-13,561,889817653735,1
2024-11-12,605,15712064226,1
2024-11-12,656,84971909951,1
2024-11-13,510,30672838106,1
2024-11-13,567,797082901874,1
2024-11-13,607,611318681487,1
2024-11-14,510,795570237528,1
2024-11-12,603,795570106107,1
2024-11-13,606,94833170948,1
2024-11-14,656,,26
2024-11-12,607,795570983425,1
2024-11-14,605,15712035820,1
2024-11-12,549,30672838106,1
2024-11-13,601,15712078056,1
2024-11-14,522,797082902130,1
2024-11-12,557,889817750229,1
2024-11-13,549,94833167511,1
2024-11-12,613,,17
2024-11-14,526,795570648447,1
2024-11-13,522,30672929989,1
2024-11-14,557,795570929751,1
2024-11-12,519,94833171563,1
2024-11-12,655,795570027952,1
2024-11-14,615,795570511499,1
2024-11-12,524,611318682026,1
2024-11-12,603,795570930160,1
2024-11-12,561,795570602739,1
2024-11-13,549,84971939705,1
2024-11-12,541,795570511109,1
2024-11-14,560,795570790702,1
2024-11-13,655,94833167498,1
2024-11-14,522,795570939767,1
2024-11-13,526,795570388916,1
2024-11-13,601,740700831985,1
2024-11-14,549,795570769586,1
2024-11-13,654,740700882352,1
2024-11-12,510,94833167542,1
2024-11-12,561,888987274368,1
2024-11-13,549,795570934069,1
2024-11-12,510,84971953459,1
2024-11-13,606,,6
2024-11-12,613,611318681661,1
2024-11-14,564,30672838076,1
2024-11-14,566,15712056627,1
2024-11-14,654,94833169119,1
2024-11-13,615,30672929873,1
2024-11-14,656,795570296884,1
2024-11-13,549,795570511109,1
2024-11-12,567,795570614916,1
2024-11-13,544,15712078308,1
2024-11-14,613,889817491658,1
2024-11-12,607,795570769517,1
2024-11-13,654,740700831916,1
2024-11-12,510,795570511116,1
2024-11-13,512,84971928754,1
2024-11-13,601,795570237535,1
2024-11-12,543,795570388749,1
2024-11-14,561,,15
2024-11-12,522,795570983159,1
2024-11-12,567,85142449047,1
2024-11-12,515,795570790115,1
2024-11-13,510,795570982831,1
2024-11-14,601,795570987195,1
2024-11-14,543,797082901850,2
2024-11-13,559,94833167566,1
2024-11-13,510,795570940091,1
2024-11-12,560,795570768480,1
2024-11-13,654,795570643343,1
2024-11-12,522,795570295948,1
2024-11-14,607,888987791902,1
2024-11-13,654,30672502007,1
2024-11-12,526,889817491436,1
2024-11-12,523,795570650136,1
2024-11-13,510,795570511062,1
2024-11-12,603,15712078292,1
2024-11-12,526,30672838106,1
2024-11-14,614,795570982725,1
2024-11-12,615,,4
2024-11-12,515,30672892177,1
2024-11-12,540,795570478457,1
2024-11-12,605,30672047225,1
2024-11-13,512,795570934380,1
2024-11-14,543,611318715991,1
2024-11-13,550,795570790115,1
2024-11-14,540,611318681692,1
2024-11-13,564,,23
2024-11-13,543,797082901867,1
2024-11-13,510,795570940060,1
2024-11-12,543,15712033499,1
2024-11-12,543,84971953411,1
2024-11-12,549,,70
2024-11-14,544,889817491573,1
2024-11-12,603,795570224375,1
2024-11-12,519,,21
2024-11-13,543,795570940060,1
2024-11-12,560,795570789058,1
2024-11-12,510,795570643282,1
2024-11-12,550,795570928723,1
2024-11-13,605,611318681777,1
2024-11-13,544,795570226539,1
2024-11-12,550,94833170665,1
2024-11-14,546,,9
2024-11-12,614,15712002891,1
2024-11-12,510,98593804969,2
2024-11-13,512,795570389869,1
2024-11-13,523,30672929972,1
2024-11-13,515,,9
2024-11-12,607,795570934069,1
2024-11-13,655,795570935127,1
2024-11-14,549,889817491498,1
2024-11-13,616,94833169133,1
2024-11-13,656,795570644142,1
2024-11-12,656,795570027945,1
2024-11-14,549,795570511109,1
2024-11-14,543,94833170153,1
2024-11-13,510,611318681975,1
2024-11-12,522,30672892207,1
2024-11-12,567,795570612196,1
2024-11-14,550,795570930160,1
2024-11-13,601,795570928358,1
2024-11-12,616,,8
2024-11-12,515,821419209439,1
2024-11-14,656,15712035813,1
2024-11-12,544,98593095718,1
2024-11-13,549,94833170030,1
2024-11-13,561,795570602814,2
2024-11-12,605,795570518979,1
2024-11-14,522,795570523140,1
2024-11-13,550,94833167511,1
2024-11-13,601,94833170016,1
2024-11-12,605,,49
2024-11-12,510,795570790658,1
2024-11-14,523,795570607581,1
2024-11-12,510,795570388909,1
2024-11-13,524,795570790146,1
2024-11-13,510,94833172270,1
2024-11-13,523,795570940121,1
2024-11-12,540,795570658507,1
2024-11-12,549,795570935127,1
2024-11-12,656,84971909791,1
2024-11-13,510,30672838076,1
2024-11-12,510,795570930184,1
2024-11-12,605,795570643343,1
2024-11-12,552,,14
2024-11-14,512,,16
2024-11-14,655,,25
2024-11-14,564,15712035851,1
2024-11-12,602,94833169089,1
2024-11-13,543,611318682026,1
2024-11-13,524,611318564261,1
2024-11-13,655,889817491405,1
2024-11-13,519,611318682019,1
2024-11-13,567,611318612696,1
2024-11-14,510,795570983166,2
2024-11-14,522,713610535113,1
2024-11-14,549,15712033482,1
2024-11-13,603,795570934984,1
2024-11-12,544,84971928327,1
2024-11-13,526,795570932225,1
2024-11-12,550,797082900228,1
2024-11-14,655,611318681890,1
2024-11-14,519,,7
2024-11-13,564,795570789584,1
2024-11-14,616,,5
2024-11-12,549,795570789560,1
2024-11-12,566,795570623888,1
2024-11-12,561,611318681845,1
2024-11-14,601,30672930053,1
2024-11-14,555,795570624151,1
2024-11-12,603,94833167528,1
2024-11-12,510,889817491641,1
2024-11-14,559,94833170115,1
2024-11-12,549,889817744433,1
2024-11-14,544,611318716288,1
2024-11-12,523,94833170801,1
2024-11-12,544,85142449047,1
2024-11-12,549,795570237528,1
2024-11-12,524,795570930153,3
2024-11-13,510,84971909975,1
2024-11-12,613,795570382464,1
2024-11-14,654,795570675825,1
2024-11-14,524,758385623443,1
2024-11-14,557,30672929873,1
2024-11-12,605,795570789416,1
2024-11-13,605,795570601442,1
2024-11-12,523,795570644128,1
2024-11-13,524,795570929515,1
2024-11-13,613,795570386967,2
2024-11-13,523,190697438559,1
2024-11-13,615,15712064240,1
2024-11-14,549,84971939712,1
2024-11-12,540,94833167542,2
2024-11-14,601,30672685892,1
2024-11-12,522,795570644135,1
2024-11-13,510,795570226591,1
2024-11-12,605,15712078124,1
2024-11-14,614,795570940084,1
2024-11-12,607,795570931501,1
2024-11-14,515,15712078308,1
2024-11-12,522,795570663136,1
2024-11-12,549,795570511475,1
2024-11-13,522,85142449139,1
2024-11-13,510,611318681739,1
2024-11-12,544,15712078056,1
2024-11-14,515,,11
2024-11-12,557,795570612318,1
2024-11-13,519,98593212146,1
2024-11-14,510,15712078056,1
2024-11-13,552,,18
2024-11-13,654,795570789461,1
2024-11-14,613,795570386974,1
2024-11-13,524,795570930191,1
2024-11-12,656,795570934403,1
2024-11-13,607,611318715953,2
2024-11-12,519,15712056641,1
2024-11-13,601,795570665017,1
2024-11-13,526,84971953435,1
2024-11-13,607,795570644135,1
2024-11-12,567,84971928747,1
2024-11-14,607,94833167511,1
2024-11-14,656,15712035820,1
2024-11-14,552,795570295979,1
2024-11-13,512,795570930153,1
2024-11-13,519,30672502007,1
2024-11-12,605,758385623283,3
2024-11-14,655,611318681883,1
2024-11-12,519,795570511482,1
2024-11-14,524,795570665093,1
2024-11-13,570,94833172720,1
2024-11-13,558,15712064233,1
2024-11-12,613,30672502014,1
2024-11-13,510,795570623826,1
2024-11-13,564,795570934335,1
2024-11-12,613,740700533926,1
2024-11-14,510,15712056658,1
2024-11-14,654,795570790115,1
2024-11-13,557,85142448842,1
2024-11-13,601,758385454368,1
2024-11-14,549,795570643343,2
2024-11-13,544,94833173321,1
2024-11-12,523,,32
2024-11-12,605,795570609370,1
2024-11-12,549,84971928761,2
2024-11-13,569,795570027945,1
2024-11-12,540,98593095718,1
2024-11-13,550,30672892238,1
2024-11-14,615,889817744433,1
2024-11-13,601,888987092139,1
2024-11-12,524,15712078292,1
2024-11-13,522,94833168259,1
2024-11-14,567,611318681531,1
2024-11-14,526,94833170092,1
2024-11-12,526,94833171259,1
2024-11-12,655,795570027938,2
2024-11-12,544,795570224368,1
2024-11-12,566,94833170757,1
2024-11-13,512,,30
2024-11-13,564,795570934403,1
2024-11-14,607,30672838120,1
2024-11-14,602,795570940114,1
2024-11-13,601,94833170757,1
2024-11-13,522,795570789584,1
2024-11-12,614,84971953459,1
2024-11-13,552,795570388916,1
2024-11-12,613,795570983135,1
2024-11-14,522,795570295962,1
2024-11-12,550,795570791068,1
2024-11-12,564,15712033253,1
2024-11-14,613,795570036558,1
2024-11-13,601,797082900211,1
2024-11-12,523,821419209446,1
2024-11-13,557,889817491429,1
2024-11-12,602,,11
2024-11-13,603,94833167542,1
2024-11-12,615,795570940060,1
2024-11-13,512,84971939705,1
2024-11-14,549,84971928341,1
2024-11-12,561,94833171686,1
2024-11-14,569,795570602722,1
2024-11-14,602,30672930022,1
2024-11-14,614,94833167566,1
2024-11-13,570,795570106107,1
2024-11-13,540,98593095718,1
2024-11-13,522,795570934359,1
2024-11-12,541,795570388787,1
2024-11-12,566,889817516771,1
2024-11-12,654,889817653803,1
2024-11-14,510,797082901867,1
2024-11-14,654,795570625486,1
2024-11-13,550,795570643558,1
2024-11-13,605,795570644494,1
2024-11-13,546,94833170023,1
2024-11-14,605,795570666199,1
2024-11-14,544,611318681807,1
2024-11-13,567,795570602739,1
2024-11-13,510,30672746906,1
2024-11-13,510,611318681579,1
2024-11-12,605,795570643152,2
2024-11-13,601,84971776652,1
2024-11-13,607,795570932317,1
2024-11-14,564,,30
2024-11-13,544,795570387957,1
2024-11-13,550,84971308020,1
2024-11-14,523,795570511062,1
2024-11-13,523,30672838069,1
2024-11-12,559,94833169980,1
2024-11-12,601,795570790740,1
2024-11-13,519,94833169096,1
2024-11-14,615,795570463583,1
2024-11-13,543,797082901874,1
2024-11-12,510,795570511062,1
2024-11-12,552,795570389951,1
2024-11-14,543,795570296884,1
2024-11-14,615,84971939729,1
2024-11-13,567,797082901904,1
2024-11-14,524,611318681968,1
2024-11-13,567,795570668261,1
2024-11-13,546,30672930053,1
2024-11-13,510,30672892221,1
2024-11-14,615,94833170757,1
2024-11-12,540,795570932645,1
2024-11-14,656,84971928334,1
2024-11-12,603,795570234138,1
2024-11-14,544,611318681609,1
2024-11-13,605,611318721732,1
2024-11-13,602,795570295948,1
2024-11-12,544,15712035844,1
2024-11-12,605,797082902130,1
2024-11-12,561,15712033499,1
2024-11-14,550,94833167559,1
2024-11-12,523,795570930290,1
2024-11-14,526,94833167511,1
2024-11-13,601,758385623436,1
2024-11-13,560,795570224351,1
2024-11-14,559,795570643152,1
2024-11-12,603,795570644142,1
2024-11-14,549,795570643282,2
2024-11-14,526,94833167573,1
2024-11-12,654,94833167603,1
2024-11-14,601,,32
2024-11-13,512,758385623290,1
2024-11-12,603,94833167559,1
2024-11-13,523,795570789072,1
2024-11-14,541,98593095718,1
2024-11-13,546,795570226706,1
2024-11-13,540,,24
2024-11-14,510,795570511048,1
2024-11-14,603,611318711221,1
2024-11-14,541,795570983555,1
2024-11-13,541,795570925944,1
2024-11-13,510,795570237535,1
2024-11-14,510,84971939729,1
2024-11-12,613,889817744426,1
2024-11-13,607,94833167481,1
2024-11-14,526,795570790122,1
2024-11-13,656,84971909784,1
2024-11-13,541,795570768480,1
2024-11-13,603,84971928792,1
2024-11-13,512,84971953428,1
2024-11-12,524,30672838090,1
2024-11-12,654,740700831992,1
2024-11-12,602,795570427073,1
2024-11-12,523,30672892221,1
2024-11-13,543,795570511123,1
2024-11-12,655,795570930184,1
2024-11-13,566,84971909784,1
2024-11-13,540,795570478464,1
2024-11-13,510,30672685885,1
2024-11-13,526,30672838069,1
2024-11-13,607,795570295955,2
2024-11-13,549,795570940121,1
2024-11-12,601,795570387988,1
2024-11-12,541,,11
2024-11-14,543,795570934076,1
2024-11-13,544,795570558975,1
2024-11-13,564,795570658569,1
2024-11-12,512,94833172270,1
2024-11-14,559,795570930245,2
2024-11-12,601,84971928334,1
2024-11-13,555,795570940084,1
2024-11-12,526,795570983524,1
2024-11-14,605,30672502007,1
2024-11-14,510,84971939712,1
2024-11-13,603,795570934052,1
2024-11-13,524,795570769524,1
2024-11-13,570,795570296891,1
2024-11-14,544,795570790726,1
2024-11-13,510,889817743221,1
2024-11-13,524,795570768527,1
2024-11-12,605,795570982848,1
2024-11-12,654,795570771077,1
2024-11-12,603,15712069320,1
2024-11-12,549,84971928754,1
2024-11-13,567,795570387193,1
2024-11-14,526,,37
2024-11-14,655,94833167498,2
2024-11-13,540,94833171716,1
2024-11-13,523,795570940060,1
2024-11-14,544,795570789669,1
2024-11-14,607,94833172317,1
2024-11-13,615,888987484637,1
2024-11-12,526,795570789690,1
2024-11-14,654,795570253498,1
2024-11-13,606,15712078056,1
2024-11-12,550,795570769548,1
2024-11-13,526,30672892177,1
2024-11-13,510,797082901850,1
2024-11-14,549,821419209446,1
2024-11-12,541,795570982862,1
2024-11-14,549,94833170788,1
2024-11-12,510,15712064271,2
2024-11-12,603,15712056641,1
2024-11-13,510,795570623802,2
2024-11-13,510,30672838137,1
2024-11-13,543,,39
2024-11-13,519,795570983142,1
2024-11-13,601,795570643312,1
2024-11-12,605,795570934458,1
2024-11-14,654,15712033536,1
2024-11-12,603,15712078308,1
2024-11-13,552,795570602791,1
2024-11-14,654,795570648867,1
2024-11-12,557,795570789041,1
2024-11-14,655,795570508772,1
2024-11-12,543,611318716066,1
2024-11-13,613,30672502021,1
2024-11-12,549,611318721459,1
2024-11-13,519,30672047225,1
2024-11-13,601,717312501650,1
2024-11-12,526,30672746920,1
2024-11-14,654,12926789280,1
2024-11-12,567,30672838076,1
2024-11-14,549,795570934076,1
2024-11-13,656,795570388541,1
2024-11-14,564,795570523386,1
2024-11-14,557,795570226560,1
2024-11-14,557,740700832005,1
2024-11-14,601,795570237566,2
2024-11-13,543,30672838113,1
2024-11-14,557,795570648454,1
2024-11-13,607,795570931587,2
2024-11-12,601,,39
2024-11-12,524,758385623436,1
2024-11-14,549,629075013465,1
2024-11-14,607,94833172287,1
2024-11-12,550,795570716054,1
2024-11-14,601,611318681807,1
2024-11-13,654,795570790511,1
2024-11-12,523,94833172003,1
2024-11-13,601,795570295962,1
2024-11-14,510,795570935110,1
2024-11-12,549,795570982701,1
2024-11-14,601,84971496185,1
2024-11-14,543,94833169188,1
2024-11-13,607,795570513035,1
2024-11-14,544,,20
2024-11-13,523,795570295948,1
2024-11-12,564,611318564261,1
2024-11-12,561,611318681951,1
2024-11-14,614,611318641818,1
2024-11-13,510,888987766696,1
2024-11-14,557,795570226515,1
2024-11-13,613,795570386974,1
2024-11-14,569,795570427080,1
2024-11-12,613,795570649895,1
2024-11-13,561,94833169058,1
2024-11-13,544,94833171587,1
2024-11-14,603,94833167511,1
2024-11-13,655,795570511109,1
2024-11-13,601,98593095718,2
2024-11-14,526,30672892221,1
2024-11-12,557,795570644159,1
2024-11-14,567,94833167559,1
2024-11-12,540,,13
2024-11-12,607,,37
2024-11-14,550,84971909975,1
2024-11-12,602,94833170498,1
2024-11-12,519,611318716165,2
2024-11-13,567,795570983142,1
2024-11-13,540,795570558968,1
2024-11-12,550,795570296860,1
2024-11-13,559,795570027921,1
2024-11-12,526,795570931860,1
2024-11-12,526,795570106091,1
2024-11-13,656,795570666182,1
2024-11-13,602,795570648461,1
2024-11-14,601,797082919220,1
2024-11-14,524,797082900211,1
2024-11-12,549,797082901874,2
2024-11-14,654,795570607369,1
2024-11-12,524,98593212146,1
2024-11-14,524,758385454375,1
2024-11-13,540,889817743757,1
2024-11-14,601,94833169164,1
2024-11-12,560,30672930039,1
2024-11-12,519,795570389876,1
2024-11-12,549,30672765075,1
2024-11-13,519,795570602692,1
2024-11-12,524,15712056672,1
2024-11-13,524,795570930184,1
2024-11-13,605,,35
2024-11-13,543,795570930191,1
2024-11-13,510,795570511123,1
2024-11-12,541,30672892207,1
2024-11-12,561,15712056634,1
2024-11-13,510,94833172232,1
2024-11-12,510,94833167481,2
2024-11-13,605,15712033475,1
2024-11-12,559,888987791681,1
2024-11-14,567,795570940138,1
2024-11-13,510,795570982862,2
2024-11-14,544,795570224351,1
2024-11-13,510,795570948585,1
2024-11-12,615,888987766702,1
2024-11-12,526,795570511475,1
2024-11-12,550,,23
2024-11-14,654,795570253535,1
2024-11-12,526,795570934366,1
2024-11-13,524,795570925708,1
2024-11-12,560,94833173666,1
2024-11-14,570,15712002891,1
2024-11-12,552,94833169959,1
2024-11-12,510,15712078018,1
2024-11-14,614,795570644135,1
2024-11-12,566,84971909999,1
2024-11-14,519,15712069313,1
2024-11-12,552,94833172232,1
2024-11-12,552,94833170856,1
2024-11-14,510,795570790146,1
2024-11-12,524,795570986402,1
2024-11-14,519,15712069320,1
2024-11-13,550,,34
2024-11-12,524,611318681920,1
2024-11-12,549,84971928747,1
2024-11-12,510,94833167498,1
2024-11-13,602,,15
2024-11-13,522,15712078001,1
2024-11-12,654,795570934397,1
2024-11-14,654,795570602685,1
2024-11-12,526,795570389791,1
2024-11-12,613,611318681487,1
2024-11-13,550,94833170115,1
2024-11-12,524,795570929898,1
2024-11-13,549,795570237566,1
2024-11-12,602,795570935110,1
2024-11-13,512,795570930276,1
2024-11-13,519,94833170672,1
2024-11-13,655,795570226744,1
2024-11-13,570,98593804969,1
2024-11-12,605,30672838106,1
2024-11-14,526,611318716219,1
2024-11-12,605,795570519037,1
2024-11-13,613,98593507488,1
2024-11-12,566,795570382471,1
2024-11-12,561,795570934984,1
2024-11-14,550,94833169959,1
2024-11-13,607,611318681883,1
2024-11-13,602,94833172676,1
2024-11-12,601,94833170092,1
2024-11-13,550,84971928747,1
2024-11-12,512,795570930252,1
2024-11-12,543,,40
2024-11-12,605,94833170795,1
2024-11-14,557,888987484613,1
2024-11-12,561,889817491627,1
2024-11-14,654,795570789041,1
2024-11-12,601,98593095718,1
2024-11-13,540,795570226720,2
2024-11-12,603,15712064240,1
2024-11-12,524,889817491399,1
2024-11-12,603,795570940121,1
2024-11-14,602,94833167504,1
2024-11-13,570,795570935110,1
2024-11-14,510,795570790757,1
2024-11-13,561,,42
2024-11-14,522,84971939682,1
2024-11-12,549,795570929447,1
2024-11-13,613,795570627770,1
2024-11-14,601,758385623313,1
2024-11-12,543,795570524949,1
2024-11-12,523,758385623474,2
2024-11-13,601,795570234152,1
2024-11-14,543,611318681937,1
2024-11-13,524,,39
2024-11-12,607,795570930146,1
2024-11-13,655,889817491344,1
2024-11-14,523,795570930252,1
2024-11-13,519,94833170535,1
2024-11-14,654,795570299397,1
2024-11-14,512,795570389821,1
2024-11-12,543,15712035813,1
2024-11-12,519,795570295962,1
2024-11-12,540,84971939705,1
2024-11-14,543,797082902130,2
2024-11-14,656,30672746913,1
2024-11-13,564,795570982916,1
2024-11-14,614,795570602845,1
2024-11-14,524,98593212146,1
2024-11-14,510,795570940091,1
2024-11-13,605,611318681524,1
2024-11-14,607,795570926026,1
2024-11-14,567,795570790719,1
2024-11-12,601,94833169195,1
2024-11-14,543,888987791971,1
2024-11-13,549,94833167573,1
2024-11-13,654,889817653810,1
2024-11-14,526,30672502014,1
2024-11-13,564,795570650150,1
2024-11-12,544,795570661408,1
2024-11-12,510,795570789621,1
2024-11-13,555,795570226522,1
2024-11-12,549,795570558951,1
2024-11-13,603,795570096491,1
2024-11-12,558,795570237566,1
2024-11-13,559,611318681814,1
2024-11-14,564,84971664157,1
2024-11-14,613,795570934434,1
2024-11-13,569,94833169331,1
2024-11-12,655,795570665062,1
2024-11-13,601,795570931570,1
2024-11-14,564,795570390001,1
2024-11-14,561,797082900211,1
2024-11-14,515,888987484613,1
2024-11-13,564,797082900204,1
2024-11-12,555,795570387131,1
2024-11-12,616,611318564339,1
2024-11-13,601,795570463613,1
2024-11-14,607,795570510911,1
2024-11-14,522,,30
2024-11-14,615,30672047232,1
2024-11-12,615,795570790726,1
2024-11-13,603,795570224368,1
2024-11-13,526,795570523539,1
2024-11-12,605,15712069320,1
2024-11-14,522,713610535106,1
2024-11-12,550,795570930375,1
2024-11-13,523,94833167559,1
2024-11-13,544,30672930046,1
2024-11-13,655,,25
2024-11-12,560,795570790207,1
2024-11-14,614,30672929965,1
2024-11-12,602,795570790665,1
2024-11-12,526,,33
2024-11-13,605,795570790764,1
2024-11-12,605,795570296853,1
2024-11-14,522,795570602739,2
2024-11-14,512,795570940572,1
2024-11-12,605,795570382747,1
2024-11-12,601,795570226515,1
2024-11-13,607,611318681494,1
2024-11-13,549,795570790559,1
2024-11-12,526,94833170566,1
2024-11-14,607,795570522839,1
2024-11-14,555,795570386981,1
2024-11-12,561,,34
2024-11-13,549,94833170788,1
2024-11-14,613,795570650341,1
2024-11-12,524,758385623443,2
2024-11-13,522,,39
2024-11-13,512,889817744440,1
2024-11-14,605,,14
2024-11-12,561,611318682040,1
2024-11-12,524,94833169270,1
2024-11-12,605,30672838052,1
2024-11-12,605,15712069313,1
2024-11-14,567,795570940114,1
2024-11-14,654,,6
2024-11-14,512,795570986976,1
2024-11-13,524,795570789072,1
2024-11-13,512,795570789133,1
2024-11-14,510,795570930160,2
2024-11-13,510,98593804969,1
2024-11-12,601,795570789614,1
2024-11-13,549,15712078148,2
2024-11-14,549,30672047225,1
2024-11-14,557,758385623474,1
2024-11-13,557,30672892221,1
2024-11-13,601,795570987195,1
2024-11-12,605,797082901850,1
2024-11-13,524,84971939705,1
2024-11-12,567,85142435880,1
2024-11-14,566,888987484613,1
2024-11-13,605,713610535144,1
2024-11-12,613,795570558944,1
2024-11-13,552,795570623970,1
2024-11-12,519,795570226720,1
2024-11-14,607,30672929873,1
2024-11-13,543,94833171686,2
2024-11-13,566,84971939699,1
2024-11-12,526,795570511062,1
2024-11-13,522,795570789614,1
2024-11-12,654,,16
2024-11-14,614,,23
2024-11-13,567,797082900211,1
2024-11-13,654,795570387988,1
2024-11-14,526,94833167481,1
2024-11-13,602,795570106084,1
2024-11-12,515,,15
2024-11-12,607,795570928174,1
2024-11-14,552,795570666144,1
2024-11-12,654,795570940084,1
2024-11-14,544,611318716066,1
2024-11-14,561,30672892177,1
2024-11-12,526,30672892238,1
2024-11-12,601,758385623290,1
2024-11-14,615,889817491368,1
2024-11-12,570,795570790016,1
2024-11-14,564,795570940084,1
2024-11-12,566,,11
2024-11-13,566,758385623450,1
2024-11-14,510,797082902147,1
2024-11-13,613,611318681920,1
2024-11-12,601,795570295962,1
2024-11-14,549,795570602692,1
2024-11-13,567,795570982848,1
2024-11-12,613,795570644128,1
2024-11-13,601,888987791698,1
2024-11-14,512,84971664140,1
2024-11-12,510,94833167559,2
2024-11-12,570,611318715984,1
2024-11-13,603,795570511130,1
2024-11-13,654,889817743733,1
2024-11-13,558,795570263978,1
2024-11-13,558,,8
2024-11-12,656,795570224351,1
2024-11-13,510,30672838069,1
2024-11-13,601,795570789614,1
2024-11-14,559,795570771053,1
2024-11-12,561,795570602791,1
2024-11-13,549,98593212146,1
2024-11-13,549,795570790238,1
2024-11-14,605,85142448880,1
2024-11-13,601,795570790573,1
2024-11-14,540,,13
2024-11-14,558,,1
2024-11-14,561,795570928624,1
2024-11-14,543,15712056665,1
2024-11-13,566,,20
2024-11-14,616,84971909821,1
2024-11-14,615,15712078308,1
2024-11-14,524,795570226706,1
2024-11-13,541,30672930022,1
2024-11-12,603,,16
2024-11-13,523,795570790146,1
2024-11-13,523,,26
2024-11-13,541,795570557725,1
2024-11-13,510,795570650143,1
2024-11-13,510,611318715991,1
2024-11-12,605,889817491481,1
2024-11-13,607,15712078018,1
2024-11-14,512,795570930214,1
2024-11-12,603,889817743764,1
2024-11-13,560,795570387223,1
2024-11-13,601,795570387131,1
2024-11-12,564,94833171259,1
2024-11-13,557,94833167504,1
2024-11-14,567,795570387209,1
2024-11-14,569,795570649819,1
2024-11-12,540,795570983166,1
2024-11-13,654,795570512892,1
2024-11-12,605,795570769722,1
2024-11-13,613,889817743740,1
2024-11-12,606,,4
2024-11-12,544,889817491511,1
2024-11-12,567,795570667998,1
2024-11-14,543,795570930146,1